Specie,Long,Lat,LA:SA,Sample,Height,Alpha,MI,References,,,LA:SA (m2 m-2),
Ceratopetalum apetalum ,150.03,-35.58,2.79,trunk,,0.57,0.99,Barrett et al. 1996,,,613.496932515338,
Doryphora sassafras ,150.03,-35.58,2.77,trunk,,0.57,0.99,Barrett et al. 1996,,,584.795321637427,
Eucalyptus maculata ,150.03,-35.58,3.22,trunk,,0.57,0.99,Barrett et al. 1996,,,1655.629139072850,
Eucalyptus camaldulensis ,149.03,-32.70,3.46,trunk,,0.34,0.28,Benyon et al. 1999,,,2881.844380403460,
Eucalyptus camaldulensis ,149.03,-32.70,3.57,trunk,,0.34,0.28,Benyon et al. 1999,,,3703.703703703700,
Eucalyptus camaldulensis ,149.03,-32.70,3.50,trunk,6.7,0.46,0.54,Benyon et al. 1999,,,3174.603174603180,
Eucalyptus camaldulensis ,149.03,-32.70,3.48,trunk,4.8,0.46,0.54,Benyon et al. 1999,,,3030.303030303030,
Eucalyptus occidentalis ,149.03,-32.70,3.51,trunk,,0.34,0.28,Benyon et al. 1999,,,3205.128205128210,
Eucalyptus occidentalis ,149.03,-32.70,3.48,trunk,6.9,0.46,0.54,Benyon et al. 1999,,,3030.303030303030,
Eucalyptus marginata ,116.02,-32.65,3.43,branch,,0.42,0.49,Bleby et al.2009,,,2688.172043010750,
Eucalyptus marginata ,116.02,-32.65,3.58,branch,,0.42,0.49,Bleby et al.2009,,,3816.793893129770,
Eucalyptus marginata ,116.02,-32.65,3.57,branch,,0.42,0.49,Bleby et al.2009,,,3717.472118959110,
Eucalyptus coccifera ,146.58,-42.68,3.54,branch,,0.89,2.30,Brodribb and Felid 2000,,,3484.320557491290,
Atherosperma moschatum ,146.58,-42.68,3.46,branch,,0.89,2.30,Brodribb and Felid 2000,,,2881.844380403460,
Diselma archeri ,146.58,-42.68,2.86,branch,,0.89,2.30,Brodribb and Felid 2000,,,724.637681159421,
Leptospermum rupestre ,146.58,-42.68,3.02,branch,,0.89,2.30,Brodribb and Felid 2000,,,1041.666666666670,
Nothofagus cunninghamii ,146.58,-42.68,3.12,branch,,0.89,2.30,Brodribb and Felid 2000,,,1328.021248339970,
Phyllocladus aspleniifolius ,146.58,-42.68,3.52,branch,,0.89,2.30,Brodribb and Felid 2000,,,3344.481605351180,
Podocarpus lawrencei,146.58,-42.68,3.03,branch,,0.89,2.30,Brodribb and Felid 2000,,,1078.748651564190,
Richea scoparium ,146.58,-42.68,2.68,branch,,0.89,2.30,Brodribb and Felid 2000,,,476.190476190477,
Tasmannia lanceolata ,146.58,-42.68,3.17,branch,,0.89,2.30,Brodribb and Felid 2000,,,1492.537313432840,
Eucalyptus kochii,116.22,-30.04,3.51,trunk,,0.17,0.19,Brooksbank et al. 2011 ,,,3246.753246753250,
Eucalyptus kochii,116.22,-30.04,3.49,trunk,,0.17,0.19,Brooksbank et al. 2011 ,,,3115.264797507790,
Eucalyptus kochii,116.22,-30.04,3.50,trunk,,0.17,0.19,Brooksbank et al. 2011 ,,,3134.796238244520,
Eucalyptus kochii,116.22,-30.04,3.39,trunk,,0.17,0.19,Brooksbank et al. 2011 ,,,2463.054187192120,
Eucalyptus kochii,116.22,-30.04,3.39,trunk,,0.17,0.19,Brooksbank et al. 2011 ,,,2469.135802469140,
Eucalyptus kochii,116.22,-30.04,3.39,trunk,,0.17,0.19,Brooksbank et al. 2011 ,,,2475.247524752480,
Eucalyptus kochii,116.22,-30.04,3.34,trunk,,0.17,0.19,Brooksbank et al. 2011 ,,,2207.505518763800,
Eucalyptus kochii,116.22,-30.04,3.34,trunk,,0.17,0.19,Brooksbank et al. 2011 ,,,2197.802197802200,
Eucalyptus kochii,116.22,-30.04,3.35,trunk,,0.17,0.19,Brooksbank et al. 2011 ,,,2217.294900221730,
Banksia attenuata  ,115.95,-31.75,3.05,branch,,0.38,0.33,Canham et al. 2009,,,1111.111111111110,
Banksia attenuata  ,115.95,-31.75,3.15,branch,,0.38,0.33,Canham et al. 2009,,,1428.571428571430,
Banksia ilicifolia ,115.95,-31.75,3.10,branch,,0.38,0.33,Canham et al. 2009,,,1250.000000000000,
Banksia ilicifolia ,115.95,-31.75,3.22,branch,,0.38,0.33,Canham et al. 2009,,,1666.666666666670,
Banksia littoralis  ,115.95,-31.75,3.52,branch,,0.38,0.33,Canham et al. 2009,,,3333.333333333330,
Banksia menziesii ,115.95,-31.75,3.15,branch,,0.38,0.33,Canham et al. 2009,,,1428.571428571430,
Banksia menziesii ,115.95,-31.75,3.10,branch,,0.38,0.33,Canham et al. 2009,,,1250.000000000000,
Eucalyptus kochii ,116.21,-30.04,3.47,trunk,,0.18,0.20,Carter and White 2009,,,2941.176470588240,
Eucalyptus kochii ,116.21,-30.04,3.37,trunk,,0.18,0.20,Carter and White 2009,,,2325.581395348840,
Eucalyptus miniata ,131.15,-12.49,3.65,branch,,0.53,0.52,Cernusak et al. 2006,,,4444.444444444450,
Eucalyptus tetrodonta ,131.15,-12.49,3.75,branch,,0.53,0.52,Cernusak et al. 2006,,,5681.818181818190,
Alphitonia excelsa ,145.75,-19.18,3.67,branch,,0.50,0.69,Choat et al. 2005,,,4629.629629629630,
Austromyrtus bidwillii,145.75,-19.18,3.80,branch,,0.50,0.69,Choat et al. 2005,,,6369.426751592370,
Brachychiton australis,145.75,-19.18,3.50,branch,,0.50,0.69,Choat et al. 2005,,,3134.796238244520,
Cochlospermum gillivraei ,145.75,-19.18,3.24,branch,,0.50,0.69,Choat et al. 2005,,,1757.469244288230,
Argyrodendron trifoliolatum ,145.54,-17.38,3.46,branch,,0.77,0.90,Drake and Franks 2003,,,2857.142857142860,
Argyrodendron trifoliolatum ,145.54,-17.38,3.30,branch,,0.77,0.90,Drake and Franks 2003,,,2000.000000000000,
Calamus australis ,145.54,-17.38,4.00,branch,,0.77,0.90,Drake and Franks 2003,,,10000.000000000000,
Calamus australis ,145.54,-17.38,3.82,branch,,0.77,0.90,Drake and Franks 2003,,,6666.666666666670,
Calamus caryotoides ,145.54,-17.38,3.64,branch,,0.77,0.90,Drake and Franks 2003,,,4347.826086956520,
Calamus caryotoides ,145.54,-17.38,3.36,branch,,0.77,0.90,Drake and Franks 2003,,,2272.727272727270,
Castanospora alphandii ,145.54,-17.38,3.89,branch,,0.77,0.90,Drake and Franks 2003,,,7692.307692307700,
Castanospora alphandii ,145.54,-17.38,3.70,branch,,0.77,0.90,Drake and Franks 2003,,,5000.000000000000,
Doryphora aromatica ,145.54,-17.38,3.85,branch,,0.77,0.90,Drake and Franks 2003,,,7142.857142857140,
Doryphora aromatica ,145.54,-17.38,3.46,branch,,0.77,0.90,Drake and Franks 2003,,,2857.142857142860,
Eucalyptus gomphocelia,116.15,-32.15,3.84,branch,,0.48,0.52,Drake et al. 2011,,,6993.006993006990,
Eucalyptus gomphocelia,116.15,-32.15,3.88,branch,,0.48,0.52,Drake et al. 2011,,,7633.587786259540,
Eucalyptus gomphocelia,116.15,-32.15,3.91,branch,,0.48,0.52,Drake et al. 2011,,,8130.081300813020,
Eucalyptus gomphocelia,116.15,-32.15,3.87,branch,,0.48,0.52,Drake et al. 2011,,,7407.407407407410,
Eucalyptus gomphocelia,116.15,-32.15,3.72,branch,,0.48,0.52,Drake et al. 2011,,,5208.333333333340,
Eucalyptus gomphocelia,116.15,-32.15,3.82,branch,,0.48,0.52,Drake et al. 2011,,,6578.947368421060,
Eucalyptus gomphocelia,116.15,-32.15,3.71,branch,,0.48,0.52,Drake et al. 2011,,,5154.639175257740,
Eucalyptus gomphocelia,116.15,-32.15,3.74,branch,,0.48,0.52,Drake et al. 2011,,,5555.555555555560,
Eucalyptus gomphocelia,116.15,-32.15,3.85,branch,,0.48,0.52,Drake et al. 2011,,,7092.198581560290,
Eucalyptus gomphocelia,116.15,-32.15,3.74,branch,,0.48,0.52,Drake et al. 2011,,,5464.480874316950,
Eucalyptus gomphocelia,116.15,-32.15,3.92,branch,,0.48,0.52,Drake et al. 2011,,,8264.462809917360,
Eucalyptus gomphocelia,116.15,-32.15,3.71,branch,,0.48,0.52,Drake et al. 2011,,,5128.205128205140,
Eucalyptus gomphocelia,116.15,-32.15,3.92,branch,,0.48,0.52,Drake et al. 2011,,,8333.333333333340,
Eucalyptus gomphocelia,116.15,-32.15,3.69,branch,,0.48,0.52,Drake et al. 2011,,,4854.368932038840,
Eucalyptus gomphocelia,116.15,-32.15,3.84,branch,,0.48,0.52,Drake et al. 2011,,,6993.006993006990,
Eucalyptus gomphocelia,116.15,-32.15,3.90,branch,,0.48,0.52,Drake et al. 2011,,,7936.507936507940,
Eucalyptus gomphocelia,116.15,-32.15,3.87,branch,,0.48,0.52,Drake et al. 2011,,,7407.407407407410,
Eucalyptus gomphocelia,116.15,-32.15,3.77,branch,,0.48,0.52,Drake et al. 2011,,,5917.159763313610,
Eucalyptus gomphocelia,116.15,-32.15,3.95,branch,,0.48,0.52,Drake et al. 2011,,,9009.009009009010,
Eucalyptus gomphocelia,116.15,-32.15,3.76,branch,,0.48,0.52,Drake et al. 2011,,,5714.285714285720,
Eucalyptus gomphocelia,116.15,-32.15,3.92,branch,,0.48,0.52,Drake et al. 2011,,,8264.462809917360,
Eucalyptus gomphocelia,116.15,-32.15,3.73,branch,,0.48,0.52,Drake et al. 2011,,,5405.405405405410,
Eucalyptus gomphocelia,116.15,-32.15,3.90,branch,,0.48,0.52,Drake et al. 2011,,,7874.015748031510,
Eucalyptus gomphocelia,116.15,-32.15,3.85,branch,,0.48,0.52,Drake et al. 2011,,,7042.253521126780,
Eucalyptus gomphocelia,116.15,-32.15,3.69,branch,,0.48,0.52,Drake et al. 2011,,,4950.495049504950,
Eucalyptus gomphocelia,116.15,-32.15,3.72,branch,,0.48,0.52,Drake et al. 2011,,,5235.602094240840,
Eucalyptus gomphocelia,116.15,-32.15,3.50,branch,,0.48,0.52,Drake et al. 2011,,,3194.888178913740,
Eucalyptus gomphocelia,116.15,-32.15,3.84,branch,,0.48,0.52,Drake et al. 2011,,,6896.551724137940,
Eucalyptus gomphocelia,116.15,-32.15,3.86,branch,,0.48,0.52,Drake et al. 2011,,,7246.376811594220,
Eucalyptus gomphocelia,116.15,-32.15,3.83,branch,,0.48,0.52,Drake et al. 2011,,,6711.409395973160,
Eucalyptus gomphocelia,116.15,-32.15,3.51,branch,,0.48,0.52,Drake et al. 2011,,,3257.328990228010,
Eucalyptus gomphocelia,116.15,-32.15,3.97,branch,,0.48,0.52,Drake et al. 2011,,,9433.962264150950,
Eucalyptus gomphocelia,116.15,-32.15,3.77,branch,,0.48,0.52,Drake et al. 2011,,,5917.159763313610,
Eucalyptus gomphocelia,116.15,-32.15,3.85,branch,,0.48,0.52,Drake et al. 2011,,,7092.198581560290,
Eucalyptus gomphocelia,116.15,-32.15,3.84,branch,,0.48,0.52,Drake et al. 2011,,,6993.006993006990,
Eucalyptus gomphocelia,116.15,-32.15,3.82,branch,,0.48,0.52,Drake et al. 2011,,,6622.516556291390,
Eucalyptus tetrodonta,130.75,-12.05,3.52,trunk,,,,Eamus et al. 2000 ,,,3289.473684210530,
Eucalyptus tetrodonta,130.75,-12.05,3.31,trunk,,,,Eamus et al. 2000 ,,,2020.202020202020,
Eucalyptus tetrodonta,132.65,-14.07,3.67,trunk,,0.48,0.57,Eamus et al. 2000 ,,,4629.629629629630,
Eucalyptus tetrodonta,132.65,-14.07,3.29,trunk,,0.47,0.72,Eamus et al. 2000 ,,,1930.501930501930,
Eucalyptus tetrodonta,133.77,-17.12,3.92,trunk,,0.26,0.27,Eamus et al. 2000 ,,,8264.462809917360,
Eucalyptus tetrodonta,133.77,-17.12,3.50,trunk,,0.20,0.20,Eamus et al. 2000 ,,,3194.888178913740,
Eucalyptus miniata,130.75,-12.05,3.52,trunk,,,,Eamus et al. 2000 ,,,3289.473684210530,
Eucalyptus miniata,130.75,-12.05,3.31,trunk,,,,Eamus et al. 2000 ,,,2020.202020202020,
Eucalyptus miniata,132.65,-14.07,3.67,trunk,,0.48,0.57,Eamus et al. 2000 ,,,4629.629629629630,
Eucalyptus miniata,132.65,-14.07,3.29,trunk,,0.47,0.72,Eamus et al. 2000 ,,,1930.501930501930,
Eucalyptus miniata,133.77,-17.12,3.92,trunk,,0.26,0.27,Eamus et al. 2000 ,,,8264.462809917360,
Eucalyptus miniata,133.77,-17.12,3.50,trunk,,0.20,0.20,Eamus et al. 2000 ,,,3194.888178913740,
Eucalyptus camaldulensis,140.87,-33.98,3.66,trunk,28.55,0.24,0.30,Eldridge et al. 1993 ,,,4608.294930875580,
Eucalyptus largiflorens ,140.87,-33.98,3.59,trunk,7.56,0.24,0.30,Eldridge et al. 1993 ,,,3861.003861003860,
Eucalyptus largiflorens ,140.87,-33.98,3.56,trunk,9.675,0.24,0.30,Eldridge et al. 1993 ,,,3649.635036496350,
Eucalyptus largiflorens ,140.87,-33.98,3.49,trunk,11.2,0.24,0.30,Eldridge et al. 1993 ,,,3076.923076923080,
Eucalyptus largiflorens ,140.87,-33.98,3.39,trunk,8.875,0.24,0.30,Eldridge et al. 1993 ,,,2475.247524752480,
Eucalyptus largiflorens ,140.87,-33.98,3.48,trunk,6.52,0.24,0.30,Eldridge et al. 1993 ,,,3012.048192771090,
Eucalyptus globulus ,143.79,-37.69,3.83,trunk,,0.55,0.69,Forrester et al. 2010a,,,6756.756756756760,
Eucalyptus globulus ,143.79,-37.69,3.83,trunk,,0.55,0.69,Forrester et al. 2010a,,,6756.756756756760,
Eucalyptus globulus ,143.79,-37.69,3.86,trunk,,0.55,0.69,Forrester et al. 2010a,,,7194.244604316560,
Eucalyptus globulus ,143.79,-37.69,3.84,trunk,,0.55,0.69,Forrester et al. 2010a,,,6944.444444444450,
Eucalyptus globulus ,143.79,-37.69,3.86,trunk,,0.55,0.69,Forrester et al. 2010a,,,7194.244604316560,
Eucalyptus globulus ,143.64,-37.61,3.62,trunk,,0.54,0.67,Forrester et al. 2010a,,,4149.377593361000,
Eucalyptus globulus ,143.64,-37.61,3.63,trunk,,0.54,0.67,Forrester et al. 2010a,,,4310.344827586210,
Eucalyptus globulus ,143.64,-37.61,3.59,trunk,,0.54,0.67,Forrester et al. 2010a,,,3921.568627450990,
Eucalyptus globulus ,143.79,-37.69,3.49,trunk,,0.55,0.69,Forrester et al. 2010a,,,3095.975232198140,
Eucalyptus globulus ,143.79,-37.69,3.54,trunk,,0.55,0.69,Forrester et al. 2010a,,,3484.320557491290,
Eucalyptus globulus ,143.79,-37.69,3.56,trunk,,0.55,0.69,Forrester et al. 2010a,,,3623.188405797100,
Eucalyptus globulus ,143.79,-37.69,3.58,trunk,,0.55,0.69,Forrester et al. 2010a,,,3802.281368821290,
Eucalyptus globulus ,143.79,-37.69,3.57,trunk,,0.55,0.69,Forrester et al. 2010a,,,3703.703703703700,
Eucalyptus globulus ,143.64,-37.61,3.44,trunk,,0.54,0.67,Forrester et al. 2010a,,,2754.820936639120,
Eucalyptus globulus ,143.64,-37.61,3.50,trunk,,0.54,0.67,Forrester et al. 2010a,,,3194.888178913740,
Eucalyptus globulus ,143.64,-37.61,3.53,trunk,,0.54,0.67,Forrester et al. 2010a,,,3367.003367003370,
Eucalyptus globulus ,143.79,-37.69,3.50,trunk,,0.55,0.69,Forrester et al. 2010a,,,3194.888178913740,
Eucalyptus globulus ,143.79,-37.69,3.49,trunk,,0.55,0.69,Forrester et al. 2010a,,,3095.975232198140,
Eucalyptus globulus ,143.79,-37.69,3.59,trunk,,0.55,0.69,Forrester et al. 2010a,,,3846.153846153850,
Eucalyptus globulus ,143.79,-37.69,3.54,trunk,,0.55,0.69,Forrester et al. 2010a,,,3496.503496503500,
Eucalyptus globulus ,143.79,-37.69,3.46,trunk,,0.55,0.69,Forrester et al. 2010a,,,2857.142857142860,
Eucalyptus globulus ,144.03,-37.61,3.52,trunk,,0.59,0.76,Forrester et al. 2010a,,,3344.481605351180,
Eucalyptus globulus ,144.03,-37.61,3.47,trunk,,0.59,0.76,Forrester et al. 2010a,,,2976.190476190480,
Eucalyptus globulus ,144.03,-37.61,3.48,trunk,,0.59,0.76,Forrester et al. 2010a,,,3030.303030303030,
Acacia mearnsii ,149.02,-37.58,3.40,trunk,,0.69,0.68,Forrester et al. 2010b,,,2512.562814070350,
Acacia mearnsii ,149.02,-37.58,3.29,trunk,,0.69,0.68,Forrester et al. 2010b,,,1964.636542239690,
Acacia mearnsii ,149.02,-37.58,3.38,trunk,,0.69,0.68,Forrester et al. 2010b,,,2375.296912114020,
Acacia mearnsii ,149.02,-37.58,3.40,trunk,,0.71,0.94,Forrester et al. 2010b,,,2518.891687657430,
Acacia mearnsii ,149.02,-37.58,3.34,trunk,,0.71,0.94,Forrester et al. 2010b,,,2212.389380530980,
Acacia mearnsii ,149.02,-37.58,3.35,trunk,,0.71,0.94,Forrester et al. 2010b,,,2262.443438914030,
Acacia mearnsii ,149.02,-37.58,3.41,trunk,,0.69,0.68,Forrester et al. 2010b,,,2544.529262086520,
Acacia mearnsii ,149.02,-37.58,3.57,trunk,,0.69,0.68,Forrester et al. 2010b,,,3690.036900369010,
Acacia mearnsii ,149.02,-37.58,3.45,trunk,,0.69,0.68,Forrester et al. 2010b,,,2832.861189801700,
Acacia mearnsii ,149.02,-37.58,3.37,trunk,,0.71,0.94,Forrester et al. 2010b,,,2325.581395348840,
Acacia mearnsii ,149.02,-37.58,3.34,trunk,,0.71,0.94,Forrester et al. 2010b,,,2188.183807439830,
Acacia mearnsii ,149.02,-37.58,3.36,trunk,,0.71,0.94,Forrester et al. 2010b,,,2283.105022831050,
Eucalyptus globulus ,149.02,-37.58,3.28,trunk,,0.69,0.68,Forrester et al. 2010b,,,1893.939393939400,
Eucalyptus globulus ,149.02,-37.58,3.59,trunk,,0.69,0.68,Forrester et al. 2010b,,,3891.050583657590,
Eucalyptus globulus ,149.02,-37.58,3.35,trunk,,0.69,0.68,Forrester et al. 2010b,,,2262.443438914030,
Eucalyptus globulus ,149.02,-37.58,3.16,trunk,,0.71,0.94,Forrester et al. 2010b,,,1457.725947521870,
Eucalyptus globulus ,149.02,-37.58,3.34,trunk,,0.71,0.94,Forrester et al. 2010b,,,2178.649237472770,
Eucalyptus globulus ,149.02,-37.58,3.36,trunk,,0.71,0.94,Forrester et al. 2010b,,,2267.573696145130,
Eucalyptus globulus ,149.02,-37.58,3.31,trunk,,0.69,0.68,Forrester et al. 2010b,,,2053.388090349080,
Eucalyptus globulus ,149.02,-37.58,3.25,trunk,,0.69,0.68,Forrester et al. 2010b,,,1782.531194295900,
Eucalyptus globulus ,149.02,-37.58,3.27,trunk,,0.69,0.68,Forrester et al. 2010b,,,1883.239171374770,
Eucalyptus globulus ,149.02,-37.58,3.28,trunk,,0.71,0.94,Forrester et al. 2010b,,,1915.708812260540,
Eucalyptus globulus ,149.02,-37.58,3.28,trunk,,0.71,0.94,Forrester et al. 2010b,,,1912.045889101340,
Eucalyptus globulus ,149.02,-37.58,3.28,trunk,,0.71,0.94,Forrester et al. 2010b,,,1904.761904761910,
Eucalyptus grandis,152.60,-27.08,4.33,trunk,4.4,0.43,0.44,Kalma et al. 1998,,,21551.724137931100,
Eucalyptus grandis,152.08,-26.00,4.44,trunk,11.93,0.35,0.33,Kalma et al. 1998,,,27548.209366391200,
Aegiceras corniculatum,151.02,-33.07,2.99,branch,,0.61,0.63,McClenahan et al. 2004,,,970.873786407768,
Aegiceras corniculatum,151.02,-33.07,3.20,branch,,0.47,0.45,McClenahan et al. 2004,,,1592.356687898090,
Angophora hispida,151.02,-33.07,2.86,branch,,0.61,0.63,McClenahan et al. 2004,,,719.424460431655,
Angophora hispida,151.02,-33.07,3.60,branch,,0.47,0.45,McClenahan et al. 2004,,,3984.063745019930,
Angophora hispida,151.02,-34.02,3.19,branch,,0.61,0.71,McClenahan et al. 2004,,,1536.098310291860,
Angophora hispida,151.02,-34.02,3.69,branch,,0.49,0.52,McClenahan et al. 2004,,,4901.960784313730,
Avicennia marina,151.02,-33.07,2.97,branch,,0.61,0.63,McClenahan et al. 2004,,,934.579439252337,
Avicennia marina,151.02,-33.07,3.21,branch,,0.47,0.45,McClenahan et al. 2004,,,1620.745542949760,
Aegiceras corniculatum,151.02,-33.07,2.98,branch,,0.61,0.63,McClenahan et al. 2004,,,952.380952380953,
 Aegiceras corniculatum,151.02,-33.07,3.21,branch,,0.47,0.45,McClenahan et al. 2004,,,1605.136436597110,
Avicennia marina,151.02,-33.07,2.98,branch,,0.61,0.63,McClenahan et al. 2004,,,952.380952380953,
Avicennia marina,151.02,-33.07,3.21,branch,,0.47,0.45,McClenahan et al. 2004,,,1605.136436597110,
Banksia integrifolia,151.02,-33.07,3.09,branch,,0.61,0.63,McClenahan et al. 2004,,,1223.990208078340,
Banksia integrifolia,151.02,-33.07,3.29,branch,,0.47,0.45,McClenahan et al. 2004,,,1945.525291828790,
Glochidion ferdinandi,151.02,-33.07,3.14,branch,,0.61,0.63,McClenahan et al. 2004,,,1390.820584144650,
Glochidion ferdinandi,151.02,-33.07,3.38,branch,,0.47,0.45,McClenahan et al. 2004,,,2403.846153846150,
Cissus hypoglauca,151.02,-33.07,3.14,branch,,0.61,0.63,McClenahan et al. 2004,,,1390.820584144650,
Cissus hypoglauca,151.02,-33.07,3.38,branch,,0.47,0.45,McClenahan et al. 2004,,,2403.846153846150,
Banksia integrifolia,151.02,-33.07,3.14,branch,,0.61,0.63,McClenahan et al. 2004,,,1390.820584144650,
Banksia integrifolia,151.02,-33.07,3.38,branch,,0.47,0.45,McClenahan et al. 2004,,,2403.846153846150,
Banksia oblongifolia,151.02,-33.07,2.85,branch,,0.61,0.63,McClenahan et al. 2004,,,704.225352112677,
Banksia oblongifolia,151.02,-33.07,3.22,branch,,0.47,0.45,McClenahan et al. 2004,,,1675.041876046900,
Banksia oblongifolia,151.02,-34.02,3.00,branch,,0.61,0.71,McClenahan et al. 2004,,,990.099009900991,
Banksia oblongifolia,151.02,-34.02,3.14,branch,,0.49,0.52,McClenahan et al. 2004,,,1392.757660167130,
Persoonia lanceolata,151.02,-34.02,2.97,branch,,0.61,0.71,McClenahan et al. 2004,,,943.396226415095,
Persoonia lanceolata,151.02,-34.02,3.31,branch,,0.49,0.52,McClenahan et al. 2004,,,2053.388090349080,
Angophora hispida,151.02,-34.02,2.97,branch,,0.61,0.71,McClenahan et al. 2004,,,943.396226415095,
Angophora hispida,151.02,-34.02,3.31,branch,,0.49,0.52,McClenahan et al. 2004,,,2053.388090349080,
Banksia oblongifolia,151.02,-34.02,2.97,branch,,0.61,0.71,McClenahan et al. 2004,,,943.396226415095,
Banksia oblongifolia,151.02,-34.02,3.31,branch,,0.49,0.52,McClenahan et al. 2004,,,2053.388090349080,
Cissus hypoglauca,151.02,-33.07,3.00,branch,,0.61,0.63,McClenahan et al. 2004,,,1002.004008016030,
Cissus hypoglauca,151.02,-33.07,3.41,branch,,0.47,0.45,McClenahan et al. 2004,,,2583.979328165380,
Eucalyptus haemostoma ,151.02,-33.07,2.69,branch,,0.61,0.63,McClenahan et al. 2004,,,490.196078431373,
Eucalyptus haemostoma ,151.02,-33.07,3.49,branch,,0.47,0.45,McClenahan et al. 2004,,,3115.264797507790,
Banksia oblongifolia,151.02,-33.07,2.79,branch,,0.61,0.63,McClenahan et al. 2004,,,617.283950617284,
Banksia oblongifolia,151.02,-33.07,3.41,branch,,0.47,0.45,McClenahan et al. 2004,,,2570.694087403600,
Angophora hispida,151.02,-33.07,2.79,branch,,0.61,0.63,McClenahan et al. 2004,,,617.283950617284,
Angophora hispida,151.02,-33.07,3.41,branch,,0.47,0.45,McClenahan et al. 2004,,,2570.694087403600,
Eucalyptus haemostoma,151.02,-33.07,2.79,branch,,0.61,0.63,McClenahan et al. 2004,,,617.283950617284,
Eucalyptus haemostoma,151.02,-33.07,3.41,branch,,0.47,0.45,McClenahan et al. 2004,,,2570.694087403600,
Glochidion ferdinandi,151.02,-33.07,3.46,branch,,0.61,0.63,McClenahan et al. 2004,,,2915.451895043730,
Glochidion ferdinandi,151.02,-33.07,3.46,branch,,0.47,0.45,McClenahan et al. 2004,,,2873.563218390810,
Persoonia lanceolata,151.02,-34.02,2.82,branch,,0.61,0.71,McClenahan et al. 2004,,,657.894736842105,
Persoonia lanceolata,151.02,-34.02,3.27,branch,,0.49,0.52,McClenahan et al. 2004,,,1858.736059479550,
Eucalyptus nitens ,147.02,-43.30,4.37,trunk,,0.88,1.49,Medhurst et al. 1999,,,23529.411764705900,
Eucalyptus nitens ,147.28,-41.02,4.76,trunk,,0.65,0.85,Medhurst et al. 1999,,,58139.534883721000,
Eucalyptus nitens ,146.90,-43.35,4.40,trunk,,0.92,1.92,Medhurst et al. 1999,,,25316.455696202500,
Eucalyptus nitens ,146.90,-43.35,4.31,trunk,,0.92,1.92,Medhurst et al. 1999,,,20491.803278688500,
Eucalyptus nitens ,146.90,-43.35,4.66,trunk,,0.92,1.92,Medhurst et al. 1999,,,45248.868778280600,
Eucalyptus nitens ,146.90,-43.35,4.42,trunk,,0.92,1.92,Medhurst et al. 1999,,,26041.666666666700,
Eucalyptus nitens ,147.27,-41.20,4.55,trunk,,0.77,1.30,Medhurst et al. 1999,,,35714.285714285700,
Eucalyptus nitens ,147.27,-41.20,4.46,trunk,,0.73,1.10,Medhurst et al. 1999,,,28735.632183908100,
Eucalyptus nitens ,147.28,-41.02,3.54,trunk,,0.65,0.85,Medhurst et al. 1999,,,3472.222222222220,
Eucalyptus nitens ,147.28,-41.02,3.69,trunk,,0.65,0.85,Medhurst et al. 1999,,,4950.495049504950,
Eucalyptus nitens ,147.60,-42.82,4.11,trunk,,,,Medhurst et al. 1999,,,12853.470437018000,
Eucalyptus nitens ,147.60,-42.82,3.66,trunk,,,,Medhurst et al. 1999,,,4587.155963302750,
Eucalyptus nitens ,147.60,-42.82,4.39,trunk,,,,Medhurst et al. 1999,,,24752.475247524800,
Eucalyptus nitens ,147.60,-42.82,3.86,trunk,,,,Medhurst et al. 1999,,,7194.244604316560,
Eucalyptus nitens ,148.10,-41.08,3.69,trunk,,0.72,0.74,Medhust and Beadle 2002,,,4926.108374384240,
Eucalyptus nitens ,148.10,-41.08,3.53,trunk,,0.72,0.74,Medhust and Beadle 2002,,,3389.830508474580,
Eucalyptus nitens ,148.10,-41.08,3.59,branch,,0.72,0.74,Medhust and Beadle 2002,,,3861.003861003860,
Eucalyptus nitens ,148.10,-41.08,3.74,branch,,0.72,0.74,Medhust and Beadle 2002,,,5524.861878453040,
Eucalyptus nitens ,148.10,-41.08,3.77,branch,,0.72,0.74,Medhust and Beadle 2002,,,5917.159763313610,
Eucalyptus delegatensis ,148.05,-35.70,3.60,trunk,20.57,0.70,0.96,Mokany et al. 2003,,,3952.569169960480,
Eucalyptus delegatensis ,148.05,-35.70,3.58,trunk,15.744,0.70,0.96,Mokany et al. 2003,,,3759.398496240610,
Eucalyptus camaldulensis ,145.00,-36.42,3.52,trunk,,0.29,0.26,Morris and Collopy 1999,,,3322.259136212620,
Eucalyptus camaldulensis ,145.00,-36.42,3.58,trunk,,0.29,0.26,Morris and Collopy 1999,,,3815.000000000000,
Acacia aneura ,133.85,-21.90,3.19,branch,,0.12,0.16,O'Grady et al. 2009,,,1538.461538461540,
Acacia aneura ,133.85,-21.90,2.84,branch,,0.12,0.16,O'Grady et al. 2009,,,694.444444444445,
Acacia aneura ,133.32,-22.03,3.23,branch,,0.16,0.20,O'Grady et al. 2009,,,1694.915254237290,
Acacia aneura ,133.32,-22.03,3.01,branch,,0.16,0.20,O'Grady et al. 2009,,,1020.408163265310,
Corymbia opaca ,133.85,-21.90,3.92,branch,,0.12,0.16,O'Grady et al. 2009,,,8333.333333333340,
Corymbia opaca ,133.85,-21.90,3.46,branch,,0.12,0.16,O'Grady et al. 2009,,,2857.142857142860,
Eucalyptus camaldulensis ,133.32,-22.03,3.66,branch,,0.16,0.20,O'Grady et al. 2009,,,4545.454545454550,
Eucalyptus camaldulensis ,133.32,-22.03,3.54,branch,,0.16,0.20,O'Grady et al. 2009,,,3448.275862068970,
Eucalyptus victrix ,133.85,-21.90,3.72,branch,,0.12,0.16,O'Grady et al. 2009,,,5263.157894736840,
Eucalyptus victrix ,133.85,-21.90,3.59,branch,,0.12,0.16,O'Grady et al. 2009,,,3846.153846153850,
Eucalyptus nitens,146.12,-41.30,3.56,trunk,,0.83,1.12,Pinkard and Neilsen 2003,,,3663.003663003660,
Eucalyptus nitens,146.12,-41.30,3.41,trunk,,0.83,1.12,Pinkard and Neilsen 2003,,,2583.979328165380,
Eucalyptus miniata,130.88,-12.42,3.53,branch,,0.52,1.15,Prior and Eamus 2000,,,3401.360544217690,
Eucalyptus miniata,130.88,-12.42,3.46,branch,,0.52,1.15,Prior and Eamus 2000,,,2898.550724637680,
Eucalyptus tetrodonta,130.88,-12.42,3.77,branch,,0.51,0.80,Prior and Eamus 2000,,,5917.159763313610,
Eucalyptus tetrodonta,130.88,-12.42,3.76,branch,,0.52,1.15,Prior and Eamus 2000,,,5714.285714285720,
Eucalyptus tetrodonta ,130.88,-12.42,3.79,branch,,0.52,1.15,Prior and Eamus 2000,,,6172.839506172850,
Eucalyptus sieberi,149.58,-37.48,4.02,trunk,,0.61,0.64,Roberts et al. 2001,,,10449.320794148400,
Eucalyptus sieberi,149.58,-37.48,3.68,trunk,,0.61,0.64,Roberts et al. 2001,,,4807.692307692310,
Eucalyptus sieberi,149.58,-37.48,3.57,trunk,,0.61,0.64,Roberts et al. 2001,,,3690.036900369010,
Eucalyptus sieberi,149.58,-37.48,3.14,trunk,,0.61,0.64,Roberts et al. 2001,,,1367.989056087550,
Eucalyptus sieberi,149.58,-37.48,4.15,trunk,,0.61,0.64,Roberts et al. 2001,,,14224.751066856400,
Eucalyptus sieberi,149.58,-37.48,3.90,trunk,,0.61,0.64,Roberts et al. 2001,,,7874.015748031510,
Eucalyptus sieberi,149.58,-37.48,3.51,trunk,,0.61,0.64,Roberts et al. 2001,,,3225.806451612910,
Angophora bakeri,150.78,-33.66,3.66,branch,,0.38,0.37,Taylor and Eamus 2008,,,4608.294930875580,
Angophora costata,151.32,-33.19,3.68,branch,,0.61,0.64,Taylor and Eamus 2008,,,4807.692307692310,
Angophora hispida,151.06,-34.10,3.90,branch,,0.48,0.56,Taylor and Eamus 2008,,,7874.015748031510,
Callitris glaucophylla    ,146.93,-32.81,3.27,branch,,0.16,0.15,Taylor and Eamus 2008,,,1883.239171374770,
Eucalyptus haemostoma ,151.06,-34.10,3.82,branch,,0.48,0.56,Taylor and Eamus 2008,,,6666.666666666670,
Eucalyptus haemostoma ,151.32,-33.19,3.82,branch,,0.61,0.64,Taylor and Eamus 2008,,,6535.947712418310,
Eucalyptus populnea,146.93,-32.81,3.62,branch,,0.16,0.15,Taylor and Eamus 2008,,,4201.680672268920,
Eucalyptus sclerophylla,150.78,-33.66,3.76,branch,,0.38,0.37,Taylor and Eamus 2008,,,5780.346820809250,
Pinus radiata,145.43,-37.78,3.38,trunk,23.98,0.77,0.82,Teskey and Sheriff 1996,,,2409.638554216870,
Acacia dealbata,145.63,-37.57,3.26,trunk,,0.85,1.68,Vertessy et al. 1995 ,,,1831.501831501830,
Eucalyptus regnans,145.63,-37.57,3.43,trunk,,0.85,1.68,Vertessy et al. 1995 ,,,2680.965147453080,
Eucalyptus regnans ,145.63,-37.57,3.61,trunk,65,0.78,1.50,Vertessy et al. 1997,,,4115.226337448560,
Eucalyptus regnans ,145.63,-37.57,3.58,trunk,55.23,0.78,1.50,Vertessy et al. 1997,,,3773.584905660380,
Eucalyptus regnans ,145.63,-37.57,3.29,trunk,,0.69,0.74,Vertessy et al. 2001,,,1930.501930501930,
Pomaderris aspera ,145.63,-37.57,3.57,trunk,,0.69,0.74,Vertessy et al. 2001,,,3690.036900369010,
Acacia colletioides ,146.15,-32.97,2.15,branch,,0.33,0.38,Westoby and Wright 2003,,,140.252454417952,
Acacia havilandii ,146.15,-32.97,2.43,branch,,0.33,0.38,Westoby and Wright 2003,,,270.270270270270,
Acacia wilhelmiana ,146.15,-32.97,2.48,branch,,0.33,0.38,Westoby and Wright 2003,,,303.951367781155,
Bertya cunninghamii ,146.15,-32.97,2.22,branch,,0.33,0.38,Westoby and Wright 2003,,,167.224080267559,
Beyeria opaca ,146.15,-32.97,2.54,branch,,0.33,0.38,Westoby and Wright 2003,,,343.642611683849,
Cassinia laevis ,146.15,-32.97,2.85,branch,,0.33,0.38,Westoby and Wright 2003,,,704.225352112677,
Eremophila deserti ,146.15,-32.97,3.10,branch,,0.33,0.38,Westoby and Wright 2003,,,1264.222503160560,
Eucalyptus dumosa ,146.15,-32.97,3.25,branch,,0.33,0.38,Westoby and Wright 2003,,,1785.714285714290,
Eucalyptus socialis ,146.15,-32.97,3.22,branch,,0.33,0.38,Westoby and Wright 2003,,,1669.449081803010,
Eutaxia microphylla ,146.15,-32.97,2.42,branch,,0.33,0.38,Westoby and Wright 2003,,,265.251989389920,
Olearia oswaldii ,146.15,-32.97,2.59,branch,,0.33,0.38,Westoby and Wright 2003,,,390.625000000000,
Olearia pimelioides ,146.15,-32.97,2.56,branch,,0.33,0.38,Westoby and Wright 2003,,,366.300366300366,
Philotheca difformis ,146.15,-32.97,2.09,branch,,0.33,0.38,Westoby and Wright 2003,,,121.951219512195,
Santalum acuminatum ,146.15,-32.97,2.88,branch,,0.33,0.38,Westoby and Wright 2003,,,751.879699248120,
Acacia myrtifolia ,151.14,-33.69,3.02,branch,,0.75,1.09,Westoby and Wright 2003,,,1053.740779768180,
Acacia suaveolens ,151.14,-33.69,3.06,branch,,0.75,1.09,Westoby and Wright 2003,,,1153.402537485580,
Angophora hispida ,151.14,-33.69,3.30,branch,,0.75,1.09,Westoby and Wright 2003,,,2004.008016032070,
Baeckea brevifolia,151.14,-33.69,2.30,branch,,0.75,1.09,Westoby and Wright 2003,,,197.628458498024,
Banksia oblongifolia ,151.14,-33.69,3.20,branch,,0.75,1.09,Westoby and Wright 2003,,,1582.278481012660,
Banksia spinulosa,151.14,-33.69,3.21,branch,,0.75,1.09,Westoby and Wright 2003,,,1605.136436597110,
Boronia pinnata,151.14,-33.69,3.12,branch,,0.75,1.09,Westoby and Wright 2003,,,1319.261213720320,
Bossiaea obcordata ,151.14,-33.69,2.70,branch,,0.75,1.09,Westoby and Wright 2003,,,500.000000000000,
Corymbia gummifera ,151.14,-33.69,3.26,branch,,0.75,1.09,Westoby and Wright 2003,,,1818.181818181820,
Dillwynia retorta,151.14,-33.69,3.02,branch,,0.75,1.09,Westoby and Wright 2003,,,1053.740779768180,
Epacris microphylla ,151.14,-33.69,3.06,branch,,0.75,1.09,Westoby and Wright 2003,,,1137.656427758820,
Epacris pulchella ,151.14,-33.69,2.74,branch,,0.75,1.09,Westoby and Wright 2003,,,555.555555555556,
Eucalyptus capitellata ,151.14,-33.69,3.42,branch,,0.75,1.09,Westoby and Wright 2003,,,2645.502645502650,
Eucalyptus haemostoma ,151.14,-33.69,3.31,branch,,0.75,1.09,Westoby and Wright 2003,,,2053.388090349080,
Gompholobium glabratum ,151.14,-33.69,2.72,branch,,0.75,1.09,Westoby and Wright 2003,,,529.100529100529,
Grevillea speciosa ,151.14,-33.69,2.95,branch,,0.75,1.09,Westoby and Wright 2003,,,892.857142857143,
Hakea dactyloides,151.14,-33.69,3.26,branch,,0.75,1.09,Westoby and Wright 2003,,,1805.054151624550,
Hakea teretifolia ,151.14,-33.69,2.84,branch,,0.75,1.09,Westoby and Wright 2003,,,684.931506849315,
Hibbertia bracteata ,151.14,-33.69,3.09,branch,,0.75,1.09,Westoby and Wright 2003,,,1222.493887530560,
Isopogon anemonifolius ,151.14,-33.69,3.02,branch,,0.75,1.09,Westoby and Wright 2003,,,1049.317943336830,
Lambertia formosa ,151.14,-33.69,2.89,branch,,0.75,1.09,Westoby and Wright 2003,,,781.250000000000,
Leptospermum squarrosum,151.14,-33.69,3.00,branch,,0.75,1.09,Westoby and Wright 2003,,,1008.064516129030,
Leptospermum trinervium ,151.14,-33.69,3.00,branch,,0.75,1.09,Westoby and Wright 2003,,,990.099009900991,
Leucopogon esquamatus ,151.14,-33.69,2.89,branch,,0.75,1.09,Westoby and Wright 2003,,,769.230769230770,
Leucopogon microphyllus ,151.14,-33.69,2.38,branch,,0.75,1.09,Westoby and Wright 2003,,,239.808153477218,
Micrantheum ericoides ,151.14,-33.69,3.06,branch,,0.75,1.09,Westoby and Wright 2003,,,1135.073779795690,
Persoonia levis ,151.14,-33.69,3.42,branch,,0.75,1.09,Westoby and Wright 2003,,,2610.966057441260,
Persoonia pinifolia ,151.14,-33.69,3.40,branch,,0.75,1.09,Westoby and Wright 2003,,,2500.000000000000,
Petrophile pulchella ,151.14,-33.69,3.28,branch,,0.75,1.09,Westoby and Wright 2003,,,1890.359168241970,
Phyllanthus hirtellus ,151.14,-33.69,2.48,branch,,0.75,1.09,Westoby and Wright 2003,,,303.951367781155,
Phyllota phylicoides ,151.14,-33.69,2.94,branch,,0.75,1.09,Westoby and Wright 2003,,,869.565217391304,
Pultenaea elliptica,151.14,-33.69,3.36,branch,,0.75,1.09,Westoby and Wright 2003,,,2309.468822170900,
Pultenaea stipularis ,151.14,-33.69,3.08,branch,,0.75,1.09,Westoby and Wright 2003,,,1210.653753026630,
Acacia doratoxylon ,146.15,-32.97,3.60,branch,,0.33,0.38,Westoby and Wright 2003,,,3937.007874015750,
Brachychiton populneus ,146.15,-32.97,3.18,branch,,0.33,0.38,Westoby and Wright 2003,,,1526.717557251910,
Dodonaea viscosa spathulata ,146.15,-32.97,3.32,branch,,0.33,0.38,Westoby and Wright 2003,,,2087.682672233820,
Eremophila glabra ,146.15,-32.97,2.89,branch,,0.33,0.38,Westoby and Wright 2003,,,781.250000000000,
Eremophila longifolia ,146.15,-32.97,3.21,branch,,0.33,0.38,Westoby and Wright 2003,,,1620.745542949760,
Eucalyptus intertexta ,146.15,-32.97,3.24,branch,,0.33,0.38,Westoby and Wright 2003,,,1748.251748251750,
Geijera parviflora,146.15,-32.97,3.36,branch,,0.33,0.38,Westoby and Wright 2003,,,2293.577981651380,
Melaleuca uncinata ,146.15,-32.97,2.63,branch,,0.33,0.38,Westoby and Wright 2003,,,421.940928270042,
Philotheca difformis ,146.15,-32.97,2.28,branch,,0.33,0.38,Westoby and Wright 2003,,,191.938579654511,
Pimelea microcephala ,146.15,-32.97,2.98,branch,,0.33,0.38,Westoby and Wright 2003,,,961.538461538463,
Senna artemisioides ,146.15,-32.97,2.93,branch,,0.33,0.38,Westoby and Wright 2003,,,847.457627118645,
Eucalyptus globulus ,147.60,-42.82,3.77,trunk,,,,White et al. 1998,,,5900.000000000010,
Eucalyptus globulus ,147.60,-42.82,3.77,trunk,,,,White et al. 1998,,,5900.000000000010,
Eucalyptus globulus ,147.60,-42.82,3.87,trunk,,,,White et al. 1998,,,7400.000000000010,
Eucalyptus globulus ,147.60,-42.82,3.76,trunk,,,,White et al. 1998,,,5800.000000000010,
Eucalyptus globulus ,147.60,-42.82,3.92,trunk,,,,White et al. 1998,,,8300.000000000010,
Eucalyptus globulus ,147.60,-42.82,3.70,trunk,,,,White et al. 1998,,,5000.000000000000,
Eucalyptus nitens ,147.60,-42.82,3.63,trunk,,,,White et al. 1998,,,4300.000000000010,
Eucalyptus nitens ,147.60,-42.82,3.68,trunk,,,,White et al. 1998,,,4800.000000000000,
Eucalyptus nitens ,147.60,-42.82,3.72,trunk,,,,White et al. 1998,,,5300.000000000010,
Eucalyptus nitens ,147.60,-42.82,3.65,trunk,,,,White et al. 1998,,,4500.000000000000,
Eucalyptus nitens ,147.60,-42.82,3.86,trunk,,,,White et al. 1998,,,7300.000000000000,
Eucalyptus nitens ,147.60,-42.82,3.65,trunk,,,,White et al. 1998,,,4500.000000000000,
Eucalyptus camaldulensis,145.93,-36.60,3.70,trunk,,0.25,0.18,Yunusa et al. 2010,,,5050.505050505050,
Eucalyptus camaldulensis,145.93,-36.60,4.20,trunk,,0.25,0.18,Yunusa et al. 2010,,,15748.031496063000,
Eucalyptus camaldulensis,145.93,-36.60,3.74,trunk,,0.35,0.42,Yunusa et al. 2010,,,5434.782608695660,
Eucalyptus camaldulensis,145.93,-36.60,4.12,trunk,,0.35,0.42,Yunusa et al. 2010,,,13175.230566534900,
Eucalyptus crebra,150.12,-31.08,3.22,trunk,,0.24,0.18,Zeppel and Eamus 2008 ,,,1666.666666666670,
Eucalyptus crebra,150.12,-31.08,3.22,trunk,,0.33,0.35,Zeppel and Eamus 2008 ,,,1666.666666666670,
Eucalyptus crebra,150.12,-31.08,3.40,trunk,,0.39,0.48,Zeppel and Eamus 2008 ,,,2500.000000000000,
Eucalyptus crebra,150.12,-31.08,2.94,trunk,,0.24,0.18,Zeppel and Eamus 2008 ,,,869.565217391304,
Eucalyptus crebra,150.12,-31.08,3.15,trunk,,0.33,0.35,Zeppel and Eamus 2008 ,,,1428.571428571430,
Eucalyptus crebra,150.12,-31.08,3.35,trunk,,0.39,0.48,Zeppel and Eamus 2008 ,,,2222.222222222220,
Alphitonia whitei,145.63,-17.12,3.80,branch,,0.76,1.36,This study,,,6289.308176100640,
Alstonia muelleriana,145.63,-17.12,4.00,branch,19,0.76,1.36,This study,,,10000.000000000000,
Argyrodedron trifoliolatum,145.63,-17.12,4.02,branch,19,0.76,1.36,This study,,,10586.532625506500,
Cardwellia sublimis,145.63,-17.12,3.86,branch,,0.76,1.36,This study,,,7194.244604316560,
Ceratopelatum sucirubrum,145.63,-17.12,3.82,branch,14,0.76,1.36,This study,,,6535.947712418310,
Cryptocarya mackinnoniana,145.63,-17.12,3.87,branch,,0.76,1.36,This study,,,7407.407407407410,
Doryphora aromatica,145.63,-17.12,3.54,branch,19,0.76,1.36,This study,,,3436.426116838490,
Flindersia brayleyana,145.63,-17.12,3.83,branch,,0.76,1.36,This study,,,6802.721088435380,
Gillbeea adenopetala,145.63,-17.12,3.86,branch,,0.76,1.36,This study,,,7194.244604316560,
Syzygium johnsonii,145.63,-17.12,3.65,branch,13,0.76,1.36,This study,,,4504.504504504510,
Eucalyptus globulus ,147.50,-42.82,3.67,trunk,,,,O'Glady et al. 2006,,,4716.981132075470,
Eucalyptus globulus ,147.50,-42.82,3.75,trunk,,,,O'Glady et al. 2006,,,5649.717514124300,
Eucalyptus globulus ,147.50,-42.82,3.73,trunk,,,,O'Glady et al. 2006,,,5319.148936170220,
Eucalyptus globulus ,147.50,-42.82,3.93,trunk,,,,O'Glady et al. 2006,,,8474.576271186440,
Eucalyptus nitens ,146.68,-38.38,3.50,trunk,,0.76,1.45,Forrester et al. 2012,,,3144.654088050320,
Eucalyptus nitens ,146.68,-38.38,3.54,trunk,,0.76,1.45,Forrester et al. 2012,,,3496.503496503500,
Eucalyptus nitens ,146.68,-38.38,3.60,trunk,,0.71,0.99,Forrester et al. 2012,,,4000.000000000010,
Eucalyptus nitens ,146.68,-38.38,3.58,trunk,,0.71,0.99,Forrester et al. 2012,,,3831.417624521080,
Eucalyptus nitens ,146.68,-38.38,3.61,trunk,,0.71,0.99,Forrester et al. 2012,,,4032.258064516130,
Eucalyptus nitens ,146.68,-38.38,3.61,trunk,,0.71,0.99,Forrester et al. 2012,,,4081.632653061220,
Eucalyptus nitens ,146.68,-38.38,3.57,trunk,,0.76,1.45,Forrester et al. 2012,,,3731.343283582090,
Eucalyptus nitens ,146.68,-38.38,3.63,trunk,,0.76,1.45,Forrester et al. 2012,,,4273.504273504280,
Eucalyptus nitens ,146.68,-38.38,3.73,trunk,,0.71,0.99,Forrester et al. 2012,,,5347.593582887700,
Eucalyptus nitens ,146.68,-38.38,3.71,trunk,,0.71,0.99,Forrester et al. 2012,,,5128.205128205140,
Eucalyptus nitens ,146.68,-38.38,3.71,trunk,,0.71,0.99,Forrester et al. 2012,,,5154.639175257740,
Eucalyptus nitens ,146.68,-38.38,3.69,trunk,,0.71,0.99,Forrester et al. 2012,,,4878.048780487810,
Eucalyptus nitens ,146.68,-38.38,3.74,trunk,,0.71,0.99,Forrester et al. 2012,,,5464.480874316950,
Eucalyptus nitens ,146.68,-38.38,3.72,trunk,,0.71,0.99,Forrester et al. 2012,,,5208.333333333340,
Eucalyptus nitens ,146.68,-38.38,3.71,trunk,,0.71,0.99,Forrester et al. 2012,,,5102.040816326530,
Eucalyptus kochii ,118.09,-34.60,3.27,trunk,2.23,0.82,0.82,Brooksbank et al. (submitted),,,1851.851851851850,
Eucalyptus loxophleba ,118.09,-34.60,3.55,trunk,3.94,0.82,0.82,Brooksbank et al. (submitted),,,3571.428571428580,
Eucalyptus polybractea,118.09,-34.60,3.47,trunk,4.28,0.82,0.82,Brooksbank et al. (submitted),,,2941.176470588240,
Acacia colletioides,151.15,-33.38,2.15,branch,2.6,0.44,0.50,Pickup et al. 2005,,,141.643059490085,
Acacia havilandiorum,151.15,-33.38,2.43,branch,4,0.44,0.50,Pickup et al. 2005,,,267.379679144385,
Acacia wilhelmiana,151.15,-33.38,2.48,branch,2.3,0.44,0.50,Pickup et al. 2005,,,303.951367781155,
Bertya cunninghamii,151.15,-33.38,2.22,branch,2.1,0.44,0.50,Pickup et al. 2005,,,164.744645799012,
Beyeria opaca,151.15,-33.38,2.47,branch,0.7,0.44,0.50,Pickup et al. 2005,,,294.985250737463,
Cassinia laevis,151.15,-33.38,2.85,branch,2.4,0.44,0.50,Pickup et al. 2005,,,704.225352112677,
Eremophila deserti,151.15,-33.38,3.11,branch,1.2,0.44,0.50,Pickup et al. 2005,,,1282.051282051280,
Eucalyptus dumosa,151.15,-33.38,3.25,branch,6,0.44,0.50,Pickup et al. 2005,,,1776.198934280640,
Eucalyptus socialis,151.15,-33.38,3.22,branch,8.3,0.44,0.50,Pickup et al. 2005,,,1677.852348993290,
Eutaxia microphylla,151.15,-33.38,2.33,branch,0.7,0.44,0.50,Pickup et al. 2005,,,212.314225053079,
Olearia decurrens,151.15,-33.38,2.61,branch,1.8,0.44,0.50,Pickup et al. 2005,,,408.163265306123,
Olearia pimelioides,151.15,-33.38,2.54,branch,1.2,0.44,0.50,Pickup et al. 2005,,,344.827586206897,
Philotheca difformis,151.15,-33.38,2.13,branch,1.8,0.44,0.50,Pickup et al. 2005,,,134.589502018843,
Santalum acuminatum,151.15,-33.38,2.87,branch,6,0.44,0.50,Pickup et al. 2005,,,740.740740740741,
Acacia doratoxylon,151.32,-33.38,3.59,branch,12,0.72,0.87,Pickup et al. 2005,,,3875.968992248060,
Brachychiton populneus,151.32,-33.38,3.19,branch,8.3,0.72,0.87,Pickup et al. 2005,,,1531.393568147010,
Dodonaea viscosa ,151.32,-33.38,3.30,branch,4,0.72,0.87,Pickup et al. 2005,,,1976.284584980240,
Eremophila glabra,151.32,-33.38,2.90,branch,1.9,0.72,0.87,Pickup et al. 2005,,,787.401574803151,
Eremophila longifolia,151.32,-33.38,3.21,branch,3.5,0.72,0.87,Pickup et al. 2005,,,1618.122977346280,
Eucalyptus intertexta,151.32,-33.38,3.24,branch,16.9,0.72,0.87,Pickup et al. 2005,,,1745.200698080280,
Geijera parviflora,151.32,-33.38,3.36,branch,10.3,0.72,0.87,Pickup et al. 2005,,,2314.814814814820,
Melaleuca uncinata,151.32,-33.38,2.62,branch,6.5,0.72,0.87,Pickup et al. 2005,,,414.937759336100,
Philotheca difformis,151.32,-33.38,2.26,branch,2,0.72,0.87,Pickup et al. 2005,,,182.481751824818,
Pimelea microcephala,151.32,-33.38,2.97,branch,3,0.72,0.87,Pickup et al. 2005,,,943.396226415095,
Senna artemisioides,151.32,-33.38,2.94,branch,2.7,0.72,0.87,Pickup et al. 2005,,,862.068965517242,
Acacia floribunda,151.29,-33.58,3.96,branch,,0.59,0.56,"Zanne (2007, unpublished)",,,9090.909090909110,
Astrotricha floccosa,151.29,-33.58,3.78,branch,,0.59,0.56,"Zanne (2007, unpublished)",,,6060.606060606070,
Lasiopetalum ferrugineum,151.29,-33.58,3.39,branch,,0.59,0.56,"Zanne (2007, unpublished)",,,2444.987775061130,
Lomatia silaifolia,151.29,-33.58,3.63,branch,,0.59,0.56,"Zanne (2007, unpublished)",,,4237.288135593220,
Persoonia linearis,151.29,-33.58,3.73,branch,,0.59,0.56,"Zanne (2007, unpublished)",,,5376.344086021510,
Pultenea flexilis,151.29,-33.58,3.74,branch,,0.59,0.56,"Zanne (2007, unpublished)",,,5434.782608695660,
Synoum glandulosum,151.29,-33.58,3.56,branch,,0.59,0.56,"Zanne (2007, unpublished)",,,3649.635036496350,
Syncarpia glomulifera,151.29,-33.58,3.80,branch,,0.59,0.56,"Zanne (2007, unpublished)",,,6289.308176100640,
Acacia suaveolens,151.14,-33.69,3.25,branch,,0.59,0.62,"Zanne (2007, unpublished)",,,1795.332136445240,
Boronia ledifolia,151.14,-33.69,3.07,branch,,0.59,0.62,"Zanne (2007, unpublished)",,,1168.224299065420,
Eriostemon australasius,151.14,-33.69,3.36,branch,,0.59,0.62,"Zanne (2007, unpublished)",,,2298.850574712640,
Hakea dactyloides,151.14,-33.69,3.51,branch,,0.59,0.62,"Zanne (2007, unpublished)",,,3267.973856209150,
Lambertia formosa,151.14,-33.69,3.63,branch,,0.59,0.62,"Zanne (2007, unpublished)",,,4219.409282700430,
Leptospermum trinervium,151.14,-33.69,3.73,branch,,0.59,0.62,"Zanne (2007, unpublished)",,,5405.405405405410,
Persoonia levis,151.14,-33.69,3.60,branch,,0.59,0.62,"Zanne (2007, unpublished)",,,3984.063745019930,
Phyllota phylicoides,151.14,-33.69,3.12,branch,,0.59,0.62,"Zanne (2007, unpublished)",,,1314.060446780550,
Acacia havilandiorum,146.15,-32.97,2.76,branch,,0.18,0.22,"Zanne (2007, unpublished)",,,571.428571428572,
Brachychiton populneus,146.15,-32.97,3.95,branch,,0.18,0.22,"Zanne (2007, unpublished)",,,8849.557522123900,
Dodonaea viscosa,146.15,-32.97,3.45,branch,,0.18,0.22,"Zanne (2007, unpublished)",,,2832.861189801700,
Eremophila longifolia,146.15,-32.97,3.55,branch,,0.18,0.22,"Zanne (2007, unpublished)",,,3521.126760563390,
Geijera parviflora,146.15,-32.97,3.32,branch,,0.18,0.22,"Zanne (2007, unpublished)",,,2092.050209205020,
Hakea tephrosperma,146.15,-32.97,3.28,branch,,0.18,0.22,"Zanne (2007, unpublished)",,,1926.782273603080,
Philotheca difformis,146.15,-32.97,3.39,branch,,0.18,0.22,"Zanne (2007, unpublished)",,,2450.980392156860,
Senna artemisioides,146.15,-32.97,3.27,branch,,0.18,0.22,"Zanne (2007, unpublished)",,,1879.699248120300,
Acacia doratoxylon,146.15,-32.98,3.62,branch,,0.18,0.22,"Zanne (2007, unpublished)",,,4149.377593361000,
Bertya cunninghamii,146.15,-32.98,3.28,branch,,0.18,0.22,"Zanne (2007, unpublished)",,,1893.939393939400,
Beyeria opaca,146.15,-32.98,3.10,branch,,0.18,0.22,"Zanne (2007, unpublished)",,,1270.648030495550,
Cassinia laevis,146.15,-32.98,3.19,branch,,0.18,0.22,"Zanne (2007, unpublished)",,,1564.945226917060,
Eremophila glabra,146.15,-32.98,3.04,branch,,0.18,0.22,"Zanne (2007, unpublished)",,,1104.972375690610,
Eucalyptus socialis,146.15,-32.98,3.47,branch,,0.18,0.22,"Zanne (2007, unpublished)",,,2985.074626865680,
Melaleuca uncinata,146.15,-32.98,3.11,branch,,0.18,0.22,"Zanne (2007, unpublished)",,,1293.661060802070,
Olearia pimelioides,146.15,-32.98,3.06,branch,,0.18,0.22,"Zanne (2007, unpublished)",,,1136.363636363640,
Eucalyptus globulus,147.68,-41.78,3.29,trunk,,0.50,0.47,Feikema et al. 2010,,,1960.749109797110,
Eucalyptus globulus,147.68,-41.78,3.25,trunk,,0.56,0.77,Feikema et al. 2010,,,1788.278413337670,
Eucalyptus globulus,143.58,-38.87,3.43,trunk,,,,Feikema et al. 2010,,,2721.352415604180,
Eucalyptus globulus,144.60,-38.58,3.54,trunk,,,,Feikema et al. 2010,,,3429.015988147810,
Eucalyptus globulus,148.32,-38.30,3.39,trunk,,,,Feikema et al. 2010,,,2465.364857726940,
Eucalyptus globulus,147.12,-37.28,3.43,trunk,,0.70,1.00,Feikema et al. 2010,,,2673.878055729780,
Eucalyptus globulus,144.48,-37.57,3.59,trunk,,,,Feikema et al. 2010,,,3932.769668931700,
Eucalyptus nitens,147.68,-41.78,3.23,trunk,,0.50,0.47,Feikema et al. 2010,,,1704.394647657700,
Eucalyptus nitens,147.68,-41.78,3.24,trunk,,0.56,0.77,Feikema et al. 2010,,,1746.531892977070,
Eucalyptus nitens,143.58,-38.87,3.37,trunk,,,,Feikema et al. 2010,,,2354.289943395800,
Eucalyptus nitens,148.32,-38.30,3.35,trunk,,,,Feikema et al. 2010,,,2215.152754514010,
Eucalyptus nitens,149.38,-37.38,3.51,trunk,,0.63,0.62,Feikema et al. 2010,,,3267.856397522310,
Eucalyptus nitens,147.12,-37.28,3.44,trunk,,0.70,1.00,Feikema et al. 2010,,,2729.117237516610,